Date,Description,(GBP) Amount,Category,Transaction Type,Bank,Category 1
30/05/2023,TFL TRAVEL CH\VICTORIA,-5.25,Transport,Outgoing,Monzo,Transport
26/05/2023,TFL TRAVEL CH\VICTORIA,-5.25,Transport,Outgoing,Monzo,Transport
25/05/2023,Studioway Food & Wine Borehamwood GBR,-4.09,Groceries,Outgoing,Monzo,Groceries
24/05/2023,Studioway Food & Wine Borehamwood GBR,-3.99,Groceries,Outgoing,Monzo,Groceries
22/05/2023,PPOINT_*STUDIO WAY FOO BOREHAMWOOD,-2.5,Groceries,Outgoing,Monzo,Groceries
22/05/2023,Studioway Food & Wine Borehamwood GBR,-7.33,Groceries,Outgoing,Monzo,Groceries
22/05/2023,Studioway Food & Wine Borehamwood GBR,-4.25,Groceries,Outgoing,Monzo,Groceries
22/05/2023,CRO INTERNET MLT,0.1,Cryptocurrency,Income,Monzo,Internet Services
21/05/2023,Studioway Food & Wine Borehamwood GBR,-4.75,Groceries,Outgoing,Monzo,Groceries
21/05/2023,Monzo Plus,-5,Banking,Outgoing,Monzo,Banking/Financial Services
20/05/2023,PPOINT_*STUDIO WAY FOO BOREHAMWOOD,-3.1,Groceries,Outgoing,Monzo,Groceries
20/05/2023,PPOINT_*STUDIO WAY FOO BOREHAMWOOD,-1.89,Groceries,Outgoing,Monzo,Groceries
20/05/2023,PPOINT_*STUDIO WAY FOO BOREHAMWOOD,-5.84,Groceries,Outgoing,Monzo,Groceries
19/05/2023,Studioway Food & Wine Borehamwood GBR,-4.09,Groceries,Outgoing,Monzo,Groceries
19/05/2023,PRET A MANGER LONDON GBR,-2.99,Groceries,Outgoing,Monzo,Food and Dining
18/05/2023,WAITROSE LONDON GBR,-11,Groceries,Outgoing,Monzo,Groceries
18/05/2023,NISA LOCAL ELSTREE STA BOREHAMWOOD,-2.74,Groceries,Outgoing,Monzo,Groceries
18/05/2023,Sullivan Buses Potters Bar GBR,-1.6,Transport,Outgoing,Monzo,Transport
18/05/2023,TfL Travel Charge TFL.gov.uk/CP GBR,-1.75,Transport,Outgoing,Monzo,Transport
18/05/2023,MCDONALDS LONDON GBR,-3.09,Eat out,Outgoing,Monzo,Food and Dining
18/05/2023,ONE STOP FOOD AND WINE LONDON GBR,-1.25,Groceries,Outgoing,Monzo,Groceries
18/05/2023,Ms M Cambridge (Faster Payments),-20,Client's self-transfer,Outgoing,Monzo,Transfer
18/05/2023,TfL Unpaid Fares TFL.gov.uk/CP GBR,0.1,Transport,Income,Monzo,Transport
17/05/2023,TGC ST KATHERINES LONDON GBR,-7,Unknown/Other (not enough information to categorize),Outgoing,Monzo,TGI (unknown)
17/05/2023,NISA LOCAL ELSTREE STA BOREHAMWOOD,-1.49,Groceries,Outgoing,Monzo,Groceries
17/05/2023,ARGOS BOREHAMWOOD GBR,-18.99,Retail,Outgoing,Monzo,Retail
17/05/2023,AGE UK HERTSUNITED K GBR,-5,Charity,Outgoing,Monzo,Charity
17/05/2023,CARTER PHARMACY LONDON N12 GBR,-7,Pharmacy,Outgoing,Monzo,Pharmacy
17/05/2023,Ms M Cambridge (Faster Payments),-20,Client's self-transfer,Outgoing,Monzo,Transfer
16/05/2023,FAST FOOD LONDON GBR,-4.4,Eat out,Outgoing,Monzo,Food and Dining
16/05/2023,NISA LOCAL ELSTREE STA BOREHAMWOOD,-1.49,Groceries,Outgoing,Monzo,Groceries
16/05/2023,PPOINT_*STUDIO WAY FOO BOREHAMWOOD,-4.45,Groceries,Outgoing,Monzo,Groceries
15/05/2023,MCDONALDS BARNET GBR,-1.49,Eat out,Outgoing,Monzo,Food and Dining
15/05/2023,ALDI 781 142 LONDON GBR,-1.69,Groceries,Outgoing,Monzo,Groceries
15/05/2023,TESCO STORES 6042 LONDON GBR,-1.4,Groceries,Outgoing,Monzo,Groceries
15/05/2023,SAINSBURYS WAPPING LON LONDON GBR,-2,Groceries,Outgoing,Monzo,Groceries
15/05/2023,Zettle_*Wapping Sourdo London GBR,-4,Groceries,Outgoing,Monzo,Food and Dining
15/05/2023,PRET A MANGER LONDON GBR,-4.75,Groceries,Outgoing,Monzo,Food and Dining
14/05/2023,TESCO STORES 5655 EDGWARE GBR,-3.3,Groceries,Outgoing,Monzo,Groceries
14/05/2023,Namaste London GBR,-23,Unknown/Other (not enough information to categorize),Outgoing,Monzo,Unknown
14/05/2023,CRO INTERNET MLT (pending),-0.1,Cryptocurrency,Outgoing,Monzo,Internet Services
14/05/2023,TGC ST KATHERINES LONDON GBR,-4,Unknown/Other (not enough information to categorize),Outgoing,Monzo,TGI (unknown)
13/05/2023,TESCO STORES 5781 BARNET GBR,-1.15,Groceries,Outgoing,Monzo,Groceries
13/05/2023,TESCO STORES 5781 BARNET GBR,-10.25,Groceries,Outgoing,Monzo,Groceries
13/05/2023,TESCO STORES 6042 LONDON GBR,-3.9,Groceries,Outgoing,Monzo,Groceries
13/05/2023,VODAFONE MOTO NEWBURY GBR,-66.26,Telecommunications,Outgoing,Monzo,Telecommunications
13/05/2023,Ms M Cambridge (Faster Payments),-40,Client's self-transfer,Outgoing,Monzo,Transfer
12/05/2023,MAXINE PATRICIA CAMBRIDGE (Faster,300,Client's self-transfer,Income,Monzo,Transfer
12/05/2023,Ms M Cambridge (Faster Payments),-40,Client's self-transfer,Outgoing,Monzo,Transfer
12/05/2023,WAITROSE LONDON GBR,-5.8,Groceries,Outgoing,Monzo,Groceries
12/05/2023,Zettle_*Wapping Sourdo London GBR,-5.5,Groceries,Outgoing,Monzo,Food and Dining
12/05/2023,PRET A MANGER LONDON GBR,-2.99,Eat out,Outgoing,Monzo,Food and Dining
11/05/2023,Schuh Wood Green London GBR,-27.99,Retail,Outgoing,Monzo,Retail
11/05/2023,PAK COSMETIC CENTRE LONDON GBR,-5.97,Beauty,Outgoing,Monzo,Beauty and Personal Care
11/05/2023,PAK COSMETIC CENTRE LONDON GBR,-17.98,Beauty,Outgoing,Monzo,Beauty and Personal Care
11/05/2023,Finishing Touches London GBR,-7.99,Beauty,Outgoing,Monzo,Beauty and Personal Care
11/05/2023,Braggs School Wear North Finchle GBR,-65.1,Retail,Outgoing,Monzo,Clothing
11/05/2023,CLAIRE'S ACCESSORIES EDGWARE GBR,-18,Fashion/Accessories,Outgoing,Monzo,Retail
11/05/2023,Care Chemist Boreham Wood GBR,-1,Healthcare,Outgoing,Monzo,Pharmacy
11/05/2023,Ms M Cambridge (Faster Payments),-80,Client's self-transfer,Outgoing,Monzo,Transfer
11/05/2023,MAXINE PATRICIA CAMBRIDGE (Faster,300,Client's self-transfer,Income,Monzo,Transfer
10/05/2023,TESCO STORES 2126 BOREHAMWOOD GBR,-5.5,Groceries,Outgoing,Monzo,Groceries
10/05/2023,Mr Leonard St.Catherine. (Faster Payments),-200,Transfer to another person,Outgoing,Monzo,Transfer
10/05/2023,Studioway Food & Wine Borehamwood GBR,-6.08,Groceries,Outgoing,Monzo,Groceries
10/05/2023,TfL Unpaid Fares TFL.gov.uk/CP GBR (pending),-0.1,Transport,Outgoing,Monzo,Transport
10/05/2023,Ms M Cambridge (Faster Payments),-150,Client's self-transfer,Outgoing,Monzo,Transfer
10/05/2023,Isaac Cambridge (Faster Payments),-321,Transfer to another person,Outgoing,Monzo,Transfer
10/05/2023,MAXINE PATRICIA CAMBRIDGE (Faster,700,Client's self-transfer,Income,Monzo,Transfer
07/05/2023,TFL TRAVEL CH\VICTORIA,-1.75,Transport,Outgoing,Monzo,Transport
06/05/2023,TFL TRAVEL CH\VICTORIA,-5.25,Transport,Outgoing,Monzo,Transport
05/05/2023,TFL TRAVEL CH\VICTORIA,-8.75,Transport,Outgoing,Monzo,Transport
04/05/2023,ALDI 781 142 LONDON GBR,-1.69,Groceries,Outgoing,Monzo,Groceries
04/05/2023,TESCO STORES 6042 LONDON GBR,-3.9,Groceries,Outgoing,Monzo,Groceries
04/05/2023,WAITROSE LONDON GBR,-6.39,Groceries,Outgoing,Monzo,Groceries
04/05/2023,TfL Travel Charge TFL.gov.uk/CP GBR,-8.75,Transport,Outgoing,Monzo,Transport
03/05/2023,MAXINE PATRICIA CAMBRIDGE (Faster,30,Client's self-transfer,Income,Monzo,Transfer
03/05/2023,WAITROSE LONDON GBR,-1.44,Groceries,Outgoing,Monzo,Groceries
03/05/2023,SQ *BAMBINA DI CIOCCOL London GBR,-12,Groceries,Outgoing,Monzo,Food and Dining
03/05/2023,SAINSBURYS WAPPING LON LONDON GBR,-5.1,Groceries,Outgoing,Monzo,Groceries
03/05/2023,WAITROSE LONDON GBR,-3.94,Groceries,Outgoing,Monzo,Groceries
02/05/2023,PPOINT_*STUDIO WAY FOO BOREHAMWOOD,-3.99,Groceries,Outgoing,Monzo,Unknown
02/05/2023,FAST FOOD LONDON GBR,-2.5,Eat out,Outgoing,Monzo,Food and Dining
02/05/2023,Zettle_*Wapping Sourdo London GBR,-4,Groceries,Outgoing,Monzo,Food and Dining
02/05/2023,WAITROSE LONDON GBR,-2.94,Groceries,Outgoing,Monzo,Groceries
02/05/2023,PRET A MANGER LONDON GBR,-2.99,Eat out,Outgoing,Monzo,Food and Dining
02/05/2023,MAXINE PATRICIA CAMBRIDGE (Faster,50,Client's self-transfer,Income,Monzo,Transfer
02/05/2023,TfL Travel Charge TFL.gov.uk/CP GBR,-8.75,Transport,Outgoing,Monzo,Transport
01/05/2023,Interest for April 2023,0.06,Banking,Income,Monzo,Interest
21/04/2023,Monzo Plus,-5,Banking,Outgoing,Monzo,Banking/Financial Services
17/04/2023,ALDI 781 142 LONDON GBR,-1.89,Groceries,Outgoing,Monzo,Groceries
16/04/2023,TESCO STORES 6042 LONDON GBR,-3.9,Groceries,Outgoing,Monzo,Groceries
16/04/2023,Studioway Food & Wine Borehamwood GBR,-3.45,Groceries,Outgoing,Monzo,Groceries
08/04/2023,TFL TRAVEL CH\VICTORIA,-3.5,Transport,Outgoing,Monzo,Transport
07/04/2023,TFL TRAVEL CH\VICTORIA,-8.75,Transport,Outgoing,Monzo,Transport
06/04/2023,HCCU PLATFORM (Faster Payments),-200,Financial Services,Outgoing,Monzo,Banking/Financial Services
06/04/2023,PAYPAL *HC INTERNATION 35314369001,-340,Financial Services,Outgoing,Monzo,Paypal
06/04/2023,PAYPAL *HC INTERNATION 35314369001,-500,Financial Services,Outgoing,Monzo,Paypal
06/04/2023,MAXINE PATRICIA CAMBRIDGE (Faster,"1,040.00",Client's self-transfer,Income,Monzo,Transfer
06/04/2023,NORTH LONDON HOSPICE BARNET GBR,-32,Healthcare,Outgoing,Monzo,Healthcare
06/04/2023,MAXINE PATRICIA CAMBRIDGE (Faster,50,Client's self-transfer,Income,Monzo,Transfer
06/04/2023,Isaac Cambridge (Faster Payments),-150,Transfer to another person,Outgoing,Monzo,Transfer to Isaac
06/04/2023,TfL Travel Charge TFL.gov.uk/CP GBR,-8.75,Transport,Outgoing,Monzo,Transport
06/04/2023,Capital.com UK INTERNET GBR,-30,Financial Services,Outgoing,Monzo,Banking/Financial Services
06/04/2023,MAXINE PATRICIA CAMBRIDGE (Faster,200,Client's self-transfer,Income,Monzo,Transfer
05/04/2023,TFL TRAVEL CH\VICTORIA,-10.2,Transport,Outgoing,Monzo,Transport
04/04/2023,TfL Travel Charge TFL.gov.uk/CP GBR,-8.75,Transport,Outgoing,Monzo,Transport
03/04/2023,MAXINE PATRICIA CAMBRIDGE (Faster,20,Client's self-transfer,Income,Monzo,Transfer
03/04/2023,TFL TRAVEL CH\VICTORIA,-7,Transport,Outgoing,Monzo,Transport
02/04/2023,TfL Travel Charge TFL.gov.uk/CP GBR,-8.75,Transport,Outgoing,Monzo,Transport
01/04/2023,PPOINT_*STUDIO WAY FOO BOREHAMWOOD,-1.25,Groceries,Outgoing,Monzo,Unknown
01/04/2023,TESCO STORES 5781 BARNET GBR,-1.51,Groceries,Outgoing,Monzo,Groceries
01/04/2023,CO-OP GROUP FOOD RETAI HIGHGATE GBR,-2,Groceries,Outgoing,Monzo,Groceries
01/04/2023,ALDI 781 142 LONDON GBR,-2.39,Groceries,Outgoing,Monzo,Groceries
01/04/2023,TFL TRAVEL CH\VICTORIA,-8.75,Transport,Outgoing,Monzo,Transport
01/04/2023,WAITROSE LONDON GBR,-8.45,Groceries,Outgoing,Monzo,Groceries
01/04/2023,Interest for March 2023,0.07,Banking,Income,Monzo,Interest
31/03/2023,BOOTS 951 LONDON GBR,-3.75,Pharmacy,Outgoing,Monzo,Pharmacy
31/03/2023,WAITROSE LONDON GBR,-3,Groceries,Outgoing,Monzo,Groceries
31/03/2023,TfL Travel Charge TFL.gov.uk/CP GBR,-1.75,Transport,Outgoing,Monzo,Transport
30/03/2023,TESCO STORES 2126 BOREHAMWOOD GBR,-6.07,Groceries,Outgoing,Monzo,Groceries
29/03/2023,DENIZ BEST KEBAB LONDON GBR,-6,Eat out,Outgoing,Monzo,Restaurant
29/03/2023,HUMAN RELIEF WELFARE LONDON GBR,-22,Welfare,Outgoing,Monzo,Charity
29/03/2023,NISA LOCAL ELSTREE STA BOREHAMWOOD,-2.98,Groceries,Outgoing,Monzo,Groceries
28/03/2023,Coinbase (Faster Payments),89,Cryptocurrency,Income,Monzo,Cryptocurrency
28/03/2023,TFL TRAVEL CH\VICTORIA,-6.4,Transport,Outgoing,Monzo,Transport
28/03/2023,ALDI 781 142 LONDON GBR,-1.89,Groceries,Outgoing,Monzo,Groceries
27/03/2023,WAITROSE LONDON GBR,-5.34,Groceries,Outgoing,Monzo,Groceries
27/03/2023,Subway 35641 Adgate hi London GBR,-12.55,Transport,Outgoing,Monzo,Food and Dining
27/03/2023,Studioway Food & Wine Borehamwood GBR,-3,Groceries,Outgoing,Monzo,Groceries
26/03/2023,FAST FOOD LONDON GBR,-5.49,Eat out,Outgoing,Monzo,Food and Dining
26/03/2023,TESCO STORES 5781 BARNET GBR,-6.9,Groceries,Outgoing,Monzo,Groceries
25/03/2023,TFL TRAVEL CH\VICTORIA,-1.75,Transport,Outgoing,Monzo,Transport
24/03/2023,TGC ST KATHERINES LONDON GBR,-12.45,Unknown/Other (not enough information to categorize),Outgoing,Monzo,TGI (unknown)
24/03/2023,SIMPLY LOCAL BARNET GBR,-1.5,Local Business,Outgoing,Monzo,Beauty and Personal Care
23/03/2023,ALDI 781 142 LONDON GBR,-8.25,Groceries,Outgoing,Monzo,Groceries
23/03/2023,BOOTS 951 LONDON GBR,-4.99,Pharmacy,Outgoing,Monzo,Pharmacy
23/03/2023,TfL Travel Charge TFL.gov.uk/CP GBR,-6.4,Transport,Outgoing,Monzo,Transport
22/03/2023,TESCO STORES 6042 LONDON GBR,-7.8,Groceries,Outgoing,Monzo,Groceries
22/03/2023,WAITROSE LONDON GBR,-6.4,Groceries,Outgoing,Monzo,Groceries
21/03/2023,Organic Food Garden Barnet GBR,-6.67,Eat out,Outgoing,Monzo,Groceries
21/03/2023,Monzo Plus,-5,Banking,Outgoing,Monzo,Banking/Financial Services
20/03/2023,AGE UK HERTSUNITED K GBR,-5,Charity,Outgoing,Monzo,Charity
20/03/2023,ONE STOP FOOD AND WINE LONDON GBR,-2.5,Groceries,Outgoing,Monzo,Groceries
19/03/2023,SAINSBURYS WAPPING LON LONDON GBR,-1.45,Groceries,Outgoing,Monzo,Groceries
19/03/2023,SAINSBURYS WAPPING LON LONDON GBR,-4.45,Groceries,Outgoing,Monzo,Groceries
19/03/2023,Greens international f Edgware GBR,-4.27,Unknown/Other (not enough information to categorize),Outgoing,Monzo,Groceries
18/03/2023,SPECSAVERS BOREHAMWOOD GBR,-35,Healthcare,Outgoing,Monzo,Healthcare
18/03/2023,COINBASE.COM?GBP LONDON GBR,-10,Cryptocurrency,Outgoing,Monzo,Cryptocurrency
17/03/2023,Coinbase Payments (Faster Payments),-20,Cryptocurrency,Outgoing,Monzo,Cryptocurrency
16/03/2023,Capital.com UK INTERNET GBR,-20,Financial Services,Outgoing,Monzo,Internet Services
13/03/2023,MAXINE PATRICIA CAMBRIDGE (Faster,50,Client's self-transfer,Income,Monzo,Transfer
12/03/2023,COINBASE.COM?GBP LONDON GBR,-10,Cryptocurrency,Outgoing,Monzo,Cryptocurrency
12/03/2023,COINBASE.COM?GBP LONDON GBR,-50,Cryptocurrency,Outgoing,Monzo,Cryptocurrency
12/03/2023,FAST FOOD LONDON GBR,-5.49,Eat out,Outgoing,Monzo,Food and Dining
12/03/2023,MAXINE PATRICIA CAMBRIDGE (Faster,50,Client's self-transfer,Income,Monzo,Transfer
12/03/2023,WAITROSE LONDON GBR,-3.15,Groceries,Outgoing,Monzo,Groceries
11/03/2023,Aksu Supermarket London GBR,-2.99,Groceries,Outgoing,Monzo,Groceries
11/03/2023,WAITROSE LONDON GBR,-7.05,Groceries,Outgoing,Monzo,Groceries
11/03/2023,WAITROSE LONDON GBR,-3.15,Groceries,Outgoing,Monzo,Groceries
10/03/2023,Organic Food Garden Barnet GBR,-3.88,Groceries,Outgoing,Monzo,Groceries
10/03/2023,ALDI 781 142 LONDON GBR,-1.89,Groceries,Outgoing,Monzo,Groceries
10/03/2023,BOOTS 951 LONDON GBR,-0.99,Pharmacy,Outgoing,Monzo,Pharmacy
10/03/2023,Amount: USD -1.91. Conversion rate:,-1.62,Unknown/Other (not enough information to categorize),Outgoing,Monzo,Unknown
10/03/2023,Zettle_*Wapping Sourdo London GBR,-4,Unknown/Other (not enough information to categorize),Outgoing,Monzo,Food and Dining
10/03/2023,MAXINE PATRICIA CAMBRIDGE (Faster,160,Client's self-transfer,Income,Monzo,Transfer
10/03/2023,Isaac Cambridge (Faster Payments),-850,Transfer to another person,Outgoing,Monzo,Transfer to Isaac
10/03/2023,MAXINE PATRICIA CAMBRIDGE (Faster,885,Client's self-transfer,Income,Monzo,Transfer
01/03/2023,Interest for February 2023,0.02,Banking,Income,Monzo,Interest
03/04/2023,Inward Payment Isaac Cambridge,50,Inward Payment,Income,Metro,Transfer from Isaac
03/04/2023,Outward Faster Payment Maxine cambridge,-20,Outward Faster Payment,Outgoing,Metro,Transfer
05/04/2023,SAINSBURYS S MKTS,-1.45,Grocery Shopping,Outgoing,Metro,Groceries
05/04/2023,ALD! Stores,-4.18,Retail,Outgoing,Metro,Groceries
05/04/2023,Patreon Membership 50142563486,-6,Subscription,Outgoing,Metro,Subscription Services
06/04/2023,BACS Payment Received CIS SECURITY LTD,1932.22,Payment Received,Income,Metro,Work
06/04/2023,Outward Faster Payment Maxine cambridge,-200,Outward Faster Payment,Outgoing,Metro,Transfer
06/04/2023,NISA LOCAL ELSTREE STA,1.49,Category: Local transportation,Income,Metro,Groceries
06/04/2023,WAITROSE 753,3.45,Grocery Shopping,Income,Metro,Groceries
06/04/2023,TGC SERVICES,4.62,Service transaction,Income,Metro,TGI (unknown)
06/04/2023,Outward Faster Payment Maxine cambridge,50,Outward Faster Payment,Income,Metro,Transfer
06/04/2023,Inward Payment Access UK,100,Inward Payment,Income,Metro,Banking/Financial Services
06/04/2023,Outward Faster Payment Maxine cambridge,-1040,Outward Faster Payment,Outgoing,Metro,Transfer
04/04/2023,Inward Payment Access UK,40,Inward Payment,Income,Metro,Banking/Financial Services
11/04/2023,ALDI Stores,-7.82,Grocery Shopping,Outgoing,Metro,Groceries
11/04/2023,Studioway Food Wine,-8.64,Food and Beverage,Outgoing,Metro,Groceries
11/04/2023,AFFINITY WATER - CCP W,-21.32,Utility Bill Payment,Outgoing,Metro,Utilities
11/04/2023,Greens international f,-2.49,Foreign transaction,Outgoing,Metro,Groceries
11/04/2023,PPOINT STUDIO WAY FOO,-3,Online Shopping,Outgoing,Metro,Unknown
11/04/2023,LUL TICKET MACHINE,-5,Transportation,Outgoing,Metro,Transport
11/04/2023,ALDI Stores,-8.91,Grocery Shopping,Outgoing,Metro,Groceries
11/04/2023,WAITROSE 753,-9.35,Grocery Shopping,Outgoing,Metro,Groceries
11/04/2023,PARRY JONES PHARMACY,-20.29,Pharmacy,Outgoing,Metro,Pharmacy
11/04/2023,VODAFONE LTD,-79.82,Telecommunications,Outgoing,Metro,Telecommunications
11/04/2023,PLACES FOR PEOPLE HOME,-560,Real Estate,Outgoing,Metro,Rent
11/04/2023,Inward Payment Access UK Ltd,254,Payment Transaction,Income,Metro,Transfer
12/04/2023,Card Purchase 10 APR 2023,-2.15,Category: Retail Purchase,Outgoing,Metro,Unknown
12/04/2023,TESCO STORES 5781,-3.9,Grocery Shopping,Outgoing,Metro,Groceries
12/04/2023,TFL TRAVEL CH,-5.25,Transportation,Outgoing,Metro,Transport
12/04/2023,SAVERS HEALTH BEAUTY,-7.41,Category: Retail,Outgoing,Metro,Beauty and Personal Care
12/04/2023,PAK COSMETIC CENTR,-7.99,Retail,Outgoing,Metro,Beauty and Personal Care
13/04/2023,WAITROSE 753,-1.35,Grocery Shopping,Outgoing,Metro,Groceries
13/04/2023,Studioway Food Wine,-1.6,Food and Beverage,Outgoing,Metro,Groceries
13/04/2023,BOOTS 951,-4.99,Category: Retail purchase,Outgoing,Metro,Pharmacy
13/04/2023,TFL TRAVEL CH,-8.75,Transportation,Outgoing,Metro,Transport
13/04/2023,WWW.HERTSMERE.GOV.UK,-150,Government/Public Services,Outgoing,Metro,Council
13/04/2023,WAITROSE 753,-5.3,Grocery Shopping,Outgoing,Metro,Groceries
13/04/2023,ARON SPECIALIST DRYCLE,-10,Service,Outgoing,Metro,Dry Cleaning
13/04/2023,VODAFONE LTD,-43.97,Telecommunications,Outgoing,Metro,Telecommunications
14/04/2023,PPOINT STUDIO WAY FOO,-1.79,Online Shopping,Outgoing,Metro,Unknown
14/04/2023,WAITROSE 753,-2.88,Grocery Shopping,Outgoing,Metro,Groceries
14/04/2023,WAITROSE 753,-5.2,Grocery Shopping,Outgoing,Metro,Groceries
14/04/2023,TFL TRAVEL CH,-8.75,Transportation,Outgoing,Metro,Transport
17/04/2023,Aksu Supermarket,-1.67,Retail,Outgoing,Metro,Groceries
17/04/2023,ALDI Stores,-5.27,Grocery Shopping,Outgoing,Metro,Groceries
17/04/2023,WAITROSE 753,-8.63,Grocery Shopping,Outgoing,Metro,Groceries
17/04/2023,TFL TRAVEL CH,-875,Transportation,Outgoing,Metro,Transport
17/04/2023,Inward Payment Isaac Cambridge,100,Inward Payment,Income,Metro,Transfer from Isaac
18/04/2023,Greens international f,-2.98,Foreign transaction,Outgoing,Metro,Groceries
18/04/2023,Zettle 83 WENZELS THE,-3,Retail,Outgoing,Metro,Food and Dining
18/04/2023,SAINSBURYS S MKTS,-3.75,Grocery Shopping,Outgoing,Metro,Groceries
18/04/2023,WAITROSE 753,-3.87,Grocery Shopping,Outgoing,Metro,Groceries
18/04/2023,TESCO STORES 6042,-3.9,Grocery Shopping,Outgoing,Metro,Groceries
18/04/2023,TFL TRAVEL CH,-4.55,Transportation,Outgoing,Metro,Transport
18/04/2023,TFL TRAVEL CH,-5.45,Transportation,Outgoing,Metro,Transport
19/04/2023,SIMPLY LOCAL,-1.59,Local transaction,Outgoing,Metro,Beauty and Personal Care
19/04/2023,GOOGLE Google Storage,-2.49,Online Services,Outgoing,Metro,Technology/Cloud Storage
19/04/2023,Studioway Food Wine,-3.05,Food and Beverage,Outgoing,Metro,Groceries
19/04/2023,WAITROSE 753,-4.89,Grocery Shopping,Outgoing,Metro,Groceries
19/04/2023,TFL TRAVEL CH,-8.75,Transportation,Outgoing,Metro,Transport
20/04/2023,SAINSBURYS S MKTS,-1,Grocery Shopping,Outgoing,Metro,Groceries
20/04/2023,TFL TRAVEL CH,-3.5,Transportation,Outgoing,Metro,Transport
20/04/2023,TESCO STORES 6042,-3.9,Grocery Shopping,Outgoing,Metro,Groceries
20/04/2023,ALDI Stores,-6.17,Grocery Shopping,Outgoing,Metro,Groceries
21/04/2023,Studioway Food Wine,-2.75,Food and Beverage,Outgoing,Metro,Groceries
21/04/2023,PPOINT STUDIO WAY FOO,-4.49,Online Shopping,Outgoing,Metro,Unknown
21/04/2023,TESCO STORES 2126,-6,Grocery Shopping,Outgoing,Metro,Groceries
21/04/2023,TESCO STORES 2126,-14.7,Grocery Shopping,Outgoing,Metro,Groceries
24/04/2023,Studioway Food Wine,-1.49,Food and Beverage,Outgoing,Metro,Groceries
24/04/2023,POUNDLAND LTD 1568,0,Retail,Outgoing,Metro,Groceries
24/04/2023,GOLDEN PLAICE,-2.5,Restaurant,Outgoing,Metro,Restaurant
25/04/2023,SAINSBURYS S MKTS,0,Grocery Shopping,Outgoing,Metro,Groceries
25/04/2023,WAITROSE 753,-4.89,Grocery Shopping,Outgoing,Metro,Groceries
25/04/2023,DENIZ BEST KEBAB,-6,Food and Dining,Outgoing,Metro,Restaurant
25/04/2023,BOOTS 951,-6,Category: Retail purchase,Outgoing,Metro,Pharmacy
25/04/2023,TFL TRAVEL CH,-8.75,Transportation,Outgoing,Metro,Transport
28/04/2023,inward Payment Isaac Cambridge,100,Category: Incoming Payment,Income,Metro,Unknown
01/03/2023,GOOGLE YouTubePremium,-11.99,Subscription,Outgoing,Metro,Subscription Services
02/03/2023,DEGOO CLOUD STORAGE 50108983992,-1.89,Online subscription,Outgoing,Metro,Technology/Cloud Storage
02/03/2023,Inward Payment Isaac Cambridge,50,Inward Payment,Income,Metro,Transfer from Isaac
03/03/2023,Card Purchase 28 FEB 2023,-3.4,Category: Retail Shopping,Outgoing,Metro,Unknown
03/03/2023,Zetile Wapping Sourdo,-4,Food and Beverage,Outgoing,Metro,Unknown
03/03/2023,TFL TRAVEL CH,-6,Transportation,Outgoing,Metro,Transport
06/03/2023,PRET A MANGER,-2.99,Food and Beverage,Outgoing,Metro,Food and Dining
06/03/2023,SHELL ELSTREE 605,-3.14,Gasoline purchase,Outgoing,Metro,Groceries
06/03/2023,WAITROSE 753,-6.6,Grocery Shopping,Outgoing,Metro,Groceries
06/03/2023,Inward Payment Isaac Cambridge,100,Inward Payment,Income,Metro,Transfer from Isaac
07/03/2023,Card Purchase 05 MAR 2023,-1,Category: Retail Shopping,Outgoing,Metro,Unknown
07/03/2023,ALDI Stores,-1.89,Grocery Shopping,Outgoing,Metro,Groceries
07/03/2023,Aksu Supermarket,-1.99,Retail,Outgoing,Metro,Groceries
07/03/2023,SumUp_ Nac for nac,-3,Payment Transaction,Outgoing,Metro,Unknown
07/03/2023,Greens international f,-3.18,Foreign transaction,Outgoing,Metro,Groceries
07/03/2023,TFL TRAVEL CH,-3.4,Transportation,Outgoing,Metro,Transport
07/03/2023,TFL TRAVEL CH,-3.4,Transportation,Outgoing,Metro,Transport
07/03/2023,Patrean Membership,-6,Subscription,Outgoing,Metro,Subscription Services
07/03/2023,WAITROSE 753,-9.45,Grocery Shopping,Outgoing,Metro,Groceries
08/03/2023,TFL TRAVEL CH,-3.5,Transportation,Outgoing,Metro,Transport
08/03/2023,SAINSBURYS S MKTS,-5.9,Grocery Shopping,Outgoing,Metro,Groceries
09/03/2023,POUNDLAND LTD 1568,-1.5,Retail,Outgoing,Metro,Groceries
09/03/2023,Zettle 83 WENZELS THE,-3,Retail,Outgoing,Metro,Food and Dining
09/03/2023,TFL TRAVEL CH,-6.85,Transportation,Outgoing,Metro,Transport
09/03/2023,VODAFONE LTD,-29.79,Telecommunications,Outgoing,Metro,Telecommunications
09/03/2023,AGE UK,-35.98,Charitable donation,Outgoing,Metro,Charity
10/03/2023,BACS Payment Received CIS SECURITY LTD,1569.08,Payment Received,Income,Metro,Work
10/03/2023,Outward Faster Payment Maxine cambridge,-885,Outward Faster Payment,Outgoing,Metro,Transfer
10/03/2023,WAITROSE 753,-5.75,Grocery Shopping,Outgoing,Metro,Groceries
10/03/2023,TFL TRAVEL CH,-8.75,Transportation,Outgoing,Metro,Transport
10/03/2023,Outward Faster Payment Maxine cambridge,-160,Outward Faster Payment,Outgoing,Metro,Transfer
10/03/2023,Inward Payment Access UK Ltd,100,Payment Transaction,Income,Metro,Transfer
10/03/2023,Outward Faster Payment Maxine cambridge,-50,Outward Faster Payment,Outgoing,Metro,Transfer
13/03/2023,TFL TRAVEL CH,-11.9,Transportation,Outgoing,Metro,Transport
13/03/2023,Inward Payment Access UK Ltd,100,Payment Transaction,Income,Metro,Transfer
13/03/2023,Outward Faster Payment Maxine cambridge,-50,Outward Faster Payment,Outgoing,Metro,Transfer
14/03/2023,ALDI Stores,-1.09,Grocery Shopping,Outgoing,Metro,Groceries
14/03/2023,Greens international f,-3.78,Foreign transaction,Outgoing,Metro,Groceries
14/03/2023,TESCO STORES 6042,-3.9,Grocery Shopping,Outgoing,Metro,Groceries
14/03/2023,TFL TRAVEL CH,-8.75,Transportation,Outgoing,Metro,Transport
14/03/2023,TFL TRAVEL CH,-8.75,Transportation,Outgoing,Metro,Transport
14/03/2023,TFL TRAVEL CH,-9.3,Transportation,Outgoing,Metro,Transport
14/03/2023,WAITROSE 753,-11.55,Grocery Shopping,Outgoing,Metro,Groceries
14/03/2023,PLACES FOR PEOPLE HOME,-500,Real Estate,Outgoing,Metro,Rent
15/03/2023,AMZNMKTPLACE AMAZON.CO,-3.51,Online shopping,Outgoing,Metro,Online Shopping
15/03/2023,Zettle Wapping Sourdo,-4,Payment,Outgoing,Metro,Unknown
15/03/2023,SAINSBURYS S MKTS,-4.6,Grocery Shopping,Outgoing,Metro,Groceries
15/03/2023,WAITROSE 753,-15.37,Grocery Shopping,Outgoing,Metro,Groceries
15/03/2023,Inward Payment Access UK Ltd,50,Payment Transaction,Income,Metro,Transfer
14/03/2023,PPOINT STUDIO WAY FOO,-1.3,Online Shopping,Outgoing,Metro,Unknown
16/03/2023,BRITISH HEART FOUNDATI,-1.49,Charitable donation,Outgoing,Metro,Charity
16/03/2023,MCDONALDS 55,-2.19,Food and Dining,Outgoing,Metro,Food and Dining
16/03/2023,ALDI Stores,-4.74,Grocery Shopping,Outgoing,Metro,Groceries
16/03/2023,WAITROSE 753,-4.7,Grocery Shopping,Outgoing,Metro,Groceries
16/03/2023,TFL TRAVEL CH,-8.75,Transportation,Outgoing,Metro,Transport
17/03/2023,NISA LOCAL ELSTREE STA,-1.49,Category: Local transportation,Outgoing,Metro,Groceries
17/03/2023,TESCO STORES 5781,-3.9,Grocery Shopping,Outgoing,Metro,Groceries
17/03/2023,TFL TRAVEL CH,-5.25,Transportation,Outgoing,Metro,Transport
17/03/2023,TFL TRAVEL CH,-10.05,Transportation,Outgoing,Metro,Transport
17/03/2023,Inward Payment Access UK Ltd,"50,00",Payment Transaction,Income,Metro,Transfer
20/03/2023,BOOTS 951,-5.49,Category: Retail purchase,Outgoing,Metro,Pharmacy
20/03/2023,WAITROSE 753,-6.7,Grocery Shopping,Outgoing,Metro,Groceries
20/03/2023,Card Purchase 16 MAR 2023,-7,Category: Retail Shopping,Outgoing,Metro,Unknown
20/03/2023,TFL TRAVEL CH,-8.75,Transportation,Outgoing,Metro,Transport
21/03/2023,TFL TRAVEL CH,0,Transportation,Outgoing,Metro,Transport
21/03/2023,GOOGLE Google Storage,-2.49,Online Services,Outgoing,Metro,Technology/Cloud Storage
21/03/2023,ALDI Stores,-2.64,Grocery Shopping,Outgoing,Metro,Groceries
21/03/2023,PRET A MANGER,-2.99,Food and Beverage,Outgoing,Metro,Food and Dining
21/03/2023,SAINSBURYS S MKTS,-3.8,Grocery Shopping,Outgoing,Metro,Groceries
21/03/2023,TFL TRAVEL CH,-5.25,Transportation,Outgoing,Metro,Transport
21/03/2023,TFLTRAVELCH ~,-3.7,Transportation,Outgoing,Metro,Transport
23/03/2023,WAITROSE 753,-0.6,Grocery Shopping,Outgoing,Metro,Groceries
23/03/2023,BOOTS 951,-4.99,Category: Retail purchase,Outgoing,Metro,Pharmacy
23/03/2023,TFL TRAVEL CH,-5.25,Transportation,Outgoing,Metro,Transport
23/03/2023,WAITROSE 753,-12.3,Grocery Shopping,Outgoing,Metro,Groceries
24/03/2023,PRET A MANGER,-2.99,Food and Beverage,Outgoing,Metro,Food and Dining
24/03/2023,TFL TRAVEL CH,-8.75,Transportation,Outgoing,Metro,Transport
24/03/2023,Inward Payment Access UK Ltd,89,Payment Transaction,Income,Metro,Transfer
27/03/2023,TFL TRAVEL CH,-8.75,Transportation,Outgoing,Metro,Transport
28/03/2023,SAINSBURYS S MKTS,0,Grocery Shopping,Outgoing,Metro,Groceries
28/03/2023,TFL TRAVEL CH,-3.5,Transportation,Outgoing,Metro,Transport
28/03/2023,WAITROSE 753,-3.68,Grocery Shopping,Outgoing,Metro,Groceries
28/03/2023,ALDI Stores,-3.97,Grocery Shopping,Outgoing,Metro,Groceries
28/03/2023,TFL TRAVEL CH,-5.45,Transportation,Outgoing,Metro,Transport
28/03/2023,TFL TRAVEL CH,-11.15,Transportation,Outgoing,Metro,Transport
28/03/2023,TFL UNPAID FARE,-11.25,Transportation,Outgoing,Metro,Transport
29/03/2023,GOOGLE YouTubePremium,-11.99,Subscription,Outgoing,Metro,Subscription Services
30/03/2023,DEGOO CLOUD STORAGE 50108983992,-1.89,Cloud storage,Outgoing,Metro,Technology/Cloud Storage
30/03/2023,TFL TRAVEL CH,-5.25,Transportation,Outgoing,Metro,Transport
30/03/2023,TFL TRAVEL CH,-14.65,Transportation,Outgoing,Metro,Transport
31/03/2023,Card Purchase 29 MAR 2023,-14.9,Category: Retail Shopping,Outgoing,Metro,Unknown
01/02/2023,PPOINT STUDIO WAY FOO,-4.57,Online Shopping,Outgoing,Metro,Unknown
01/02/2023,WAITROSE 753,-9,Grocery Shopping,Outgoing,Metro,Groceries
01/02/2023,TFL TRAVEL CH,-12.2,Transportation,Outgoing,Metro,Transport
02/02/2023,PRET A MANGER,-2.99,Food and Beverage,Outgoing,Metro,Food and Dining
02/02/2023,PRET A MANGER,-3.45,Food and Beverage,Outgoing,Metro,Food and Dining
03/02/2023,Card Purchase 01 FEB 2023,-5.05,Category: Retail Shopping,Outgoing,Metro,Unknown
03/02/2023,Card Purchase 01 FEB 2023,-5.7,Category: Retail Shopping,Outgoing,Metro,Unknown
03/02/2023,Patreon Membership,-6,Subscription,Outgoing,Metro,Subscription Services
06/02/2023,ALDI,-1.89,Grocery Shopping,Outgoing,Metro,Groceries
06/02/2023,PPOINT STUDIO WAY FOO,-3.68,Online Shopping,Outgoing,Metro,Unknown
06/02/2023,TFL TRAVEL CH,-8.35,Transportation,Outgoing,Metro,Transport
07/02/2023,TFL TRAVEL CH,-6.65,Transportation,Outgoing,Metro,Transport
07/02/2023,TFL TRAVEL CH,-16.1,Transportation,Outgoing,Metro,Transport
10/02/2023,BACS Payment Received CIS SECURITY LTD,1712.89,Payment Received,Income,Metro,Work
10/02/2023,Inward Payment Access UK,"198,00",Inward Payment,Income,Metro,Banking/Financial Services
10/02/2023,Outward Faster Payment Maxine cambridge,-1025,Outward Faster Payment,Outgoing,Metro,Transfer
10/02/2023,Outward Faster Payment Maxine cambridge,-600,Outward Faster Payment,Outgoing,Metro,Transfer
10/02/2023,Inward Payment Isaac Cambridge,100,Inward Payment,Income,Metro,Transfer from Isaac
13/02/2023,ATM Cash Withdrawal 13/02/23 14:56:17,-10,Transaction Type: Cash Withdrawal,Outgoing,Metro,Cash Withdrawal
13/02/2023,Inward Payment Access UK,199,Inward Payment,Income,Metro,Banking/Financial Services
14/02/2023,Card Purchase 12 FEB 2023,-1.5,Category: Retail Shopping,Outgoing,Metro,Unknown
14/02/2023,TFL TRAVEL CH,-1.65,Transportation,Outgoing,Metro,Transport
14/02/2023,ALDI,-3.38,Grocery Shopping,Outgoing,Metro,Groceries
14/02/2023,TFL TRAVEL CH,4.95,Transportation,Income,Metro,Transport
14/02/2023,AGE UK,4.99,Charitable donation,Income,Metro,Charity
14/02/2023,SCOTTS,5.5,Retail,Income,Metro,Unknown
14/02/2023,CANCER RESEARCH UK,6,Charitable donation,Income,Metro,Charity
14/02/2023,PPOINT STUDIO WAY FOO,6.07,Online Shopping,Income,Metro,Unknown
14/02/2023,CANCER RESEARCH UK,749,Charitable donation,Income,Metro,Charity
14/02/2023,Wimpy,8.5,Food and Beverage,Income,Metro,Restaurant
14/02/2023,Card Purchase 12 FEB 2023,15,Category: Retail Shopping,Income,Metro,Unknown
14/02/2023,SHELL ENERGY,21.41,Energy,Income,Metro,Utilities
14/02/2023,PEACE HOSPICE CARE,25,Healthcare,Income,Metro,Healthcare
14/02/2023,Studioway Food,63.99,Food and Beverage,Income,Metro,Food and Dining
14/02/2023,Fresh Start,7131,Financial Planning,Income,Metro,Unknown
14/02/2023,Outward Faster Payment Maxine cambridge,110,Outward Faster Payment,Income,Metro,Transfer
15/02/2023,TFL TRAVEL CH,3.3,Transportation,Income,Metro,Transport
15/02/2023,Card Purchase 13 FEB 2023,8,Category: Retail Shopping,Income,Metro,Unknown
15/02/2023,VILLAGE FOOD CENTRE,-9716,Food and Dining,Outgoing,Metro,Food and Dining
15/02/2023,AMZNMkiplace 50183204652,-10.09,Online Marketplace Transaction,Outgoing,Metro,Online Shopping
15/02/2023,Card Purchase 13 FEB 2023,-25,Category: Retail Shopping,Outgoing,Metro,Unknown
15/02/2023,TESCO STORES 2126,-40.08,Grocery Shopping,Outgoing,Metro,Groceries
16/02/2023,SCOTTS,-5,Retail,Outgoing,Metro,Unknown
16/02/2023,Card Purchase 14 FEB 2023,-6.2,Category: Retail,Outgoing,Metro,Unknown
16/02/2023,WAITROSE 753,-9.14,Grocery Shopping,Outgoing,Metro,Groceries
16/02/2023,TFL TRAVEL CH,-10.9,Transportation,Outgoing,Metro,Transport
16/02/2023,Wimpy,-4.15,Food and Beverage,Outgoing,Metro,Restaurant
17/02/2023,TFL TRAVEL CH,-10.9,Transportation,Outgoing,Metro,Transport
21/02/2023,GOOGLE Google Storage,-2.49,Online Services,Outgoing,Metro,Technology/Cloud Storage
23/02/2023,Cash Deposit,"17,00",Banking Transaction,Income,Metro,Banking/Financial Services
23/02/2023,Outward Faster Payment Maxine cambridge,-5,Outward Faster Payment,Outgoing,Metro,Transfer
27/02/2023,Cash Deposit,20,Banking Transaction,Income,Metro,Banking/Financial Services
